model,MAE,RMSE,MAPE
Model with no exogenus variable,108.875603646468,123.439985998974,11.6299826913293
Model with exogenus variable,110.164144020477,127.631525848935,11.9027990608264
